"tensor([[7.7470e-08, 3.9848e-17, 1.2727e-09, 1.8853e-15, 1.7528e-18, 1.7859e-12,
         6.0270e-11, 2.4101e-21, 1.0000e+00, 5.2973e-15]], device='cuda:0',
       grad_fn=<SoftmaxBackward0>)","tensor([[1.0000e+00, 3.1245e-08, 1.7318e-07, 3.2865e-15, 3.5095e-13, 3.4688e-09,
         7.2876e-08, 1.0946e-07, 1.7912e-07, 7.2954e-12]], device='cuda:0',
       grad_fn=<SoftmaxBackward0>)","tensor([[5.1595e-01, 2.4151e-07, 1.0709e-11, 8.5102e-19, 4.8404e-01, 1.1400e-11,
         4.4784e-07, 6.4583e-08, 6.5209e-06, 1.7172e-06]], device='cuda:0',
       grad_fn=<SoftmaxBackward0>)","tensor([[1.3699e-09, 2.5535e-10, 2.9880e-11, 9.9916e-01, 9.6932e-11, 7.1944e-04,
         1.0616e-11, 7.8136e-19, 2.7246e-05, 9.6092e-05]], device='cuda:0',
       grad_fn=<SoftmaxBackward0>)"
"tensor([[9.9961e-01, 9.8262e-08, 5.5522e-12, 1.8669e-23, 3.8532e-04, 9.8245e-18,
         9.1397e-10, 2.8994e-10, 5.5141e-08, 1.8677e-09]], device='cuda:0',
       grad_fn=<SoftmaxBackward0>)","tensor([[7.1587e-01, 8.8700e-06, 2.4036e-07, 1.2649e-18, 2.8410e-01, 3.3222e-14,
         2.4117e-05, 3.3932e-07, 6.3186e-07, 7.4810e-09]], device='cuda:0',
       grad_fn=<SoftmaxBackward0>)","tensor([[1.0000e+00, 7.7749e-10, 1.0182e-11, 1.0222e-22, 1.8038e-06, 5.7490e-18,
         2.5159e-10, 4.7173e-12, 2.9562e-07, 4.8648e-10]], device='cuda:0',
       grad_fn=<SoftmaxBackward0>)","tensor([[6.6167e-08, 2.1966e-14, 2.9714e-14, 5.2169e-03, 1.7377e-15, 9.9459e-01,
         3.8796e-10, 9.7490e-22, 1.0854e-04, 8.8088e-05]], device='cuda:0',
       grad_fn=<SoftmaxBackward0>)","tensor([[9.9988e-01, 2.1694e-05, 2.3539e-08, 8.4558e-16, 4.4673e-05, 1.0569e-11,
         5.6588e-05, 5.8753e-09, 5.2981e-07, 1.7354e-08]], device='cuda:0',
       grad_fn=<SoftmaxBackward0>)","tensor([[9.9998e-01, 2.3704e-10, 1.8175e-11, 2.4496e-18, 8.6605e-10, 3.7879e-11,
         2.2777e-05, 9.8687e-13, 5.1521e-09, 4.1634e-11]], device='cuda:0',
       grad_fn=<SoftmaxBackward0>)","tensor([[9.9941e-01, 1.0082e-07, 1.0859e-10, 5.3489e-22, 5.5832e-04, 7.0570e-13,
         1.1313e-09, 1.9792e-05, 7.2523e-06, 7.6184e-08]], device='cuda:0',
       grad_fn=<SoftmaxBackward0>)","tensor([[1.1575e-04, 3.6078e-19, 1.5301e-11, 1.8449e-19, 1.0667e-17, 9.1900e-15,
         7.4335e-14, 5.6307e-18, 9.9988e-01, 7.7060e-14]], device='cuda:0',
       grad_fn=<SoftmaxBackward0>)"
"tensor([[5.3077e-08, 7.7090e-03, 6.4974e-10, 2.0042e-14, 9.9229e-01, 1.3731e-11,
         7.5265e-07, 1.6065e-06, 1.8707e-09, 6.8957e-09]], device='cuda:0',
       grad_fn=<SoftmaxBackward0>)","tensor([[9.9996e-01, 3.4259e-08, 5.4677e-12, 6.9413e-23, 3.5092e-05, 2.2957e-17,
         2.6442e-09, 3.0402e-11, 1.9572e-08, 5.5029e-10]], device='cuda:0',
       grad_fn=<SoftmaxBackward0>)","tensor([[9.9872e-01, 7.3993e-08, 1.1595e-06, 8.8286e-07, 4.2343e-11, 6.1440e-07,
         1.2198e-03, 4.1435e-14, 5.7092e-05, 3.3287e-07]], device='cuda:0',
       grad_fn=<SoftmaxBackward0>)","tensor([[9.9951e-01, 1.2884e-04, 7.0617e-06, 3.7890e-16, 1.9236e-04, 2.7723e-15,
         1.5879e-04, 3.5747e-10, 6.0604e-08, 4.8197e-09]], device='cuda:0',
       grad_fn=<SoftmaxBackward0>)","tensor([[1.0000e+00, 1.8259e-21, 3.9305e-13, 1.1462e-18, 7.8028e-22, 3.9924e-15,
         1.2099e-08, 1.5233e-24, 2.2396e-09, 7.1260e-13]], device='cuda:0',
       grad_fn=<SoftmaxBackward0>)","tensor([[9.8895e-01, 6.1817e-16, 2.8710e-06, 2.9416e-18, 1.5511e-16, 7.2672e-14,
         4.0335e-07, 3.4843e-16, 1.1051e-02, 3.2250e-12]], device='cuda:0',
       grad_fn=<SoftmaxBackward0>)","tensor([[2.4611e-07, 2.4749e-05, 5.6996e-09, 8.7380e-01, 4.7830e-05, 1.0781e-01,
         2.1843e-06, 4.7661e-14, 1.6460e-02, 1.8537e-03]], device='cuda:0',
       grad_fn=<SoftmaxBackward0>)","tensor([[9.9998e-01, 2.0483e-07, 5.6772e-09, 3.4946e-15, 1.5349e-05, 9.9987e-12,
         5.3993e-07, 1.0931e-07, 2.4573e-08, 3.6482e-08]], device='cuda:0',
       grad_fn=<SoftmaxBackward0>)"
"tensor([[1.1094e-06, 4.8715e-06, 1.3087e-10, 2.1989e-01, 9.4566e-07, 4.1743e-02,
         1.2349e-08, 3.6472e-15, 7.3239e-01, 5.9710e-03]], device='cuda:0',
       grad_fn=<SoftmaxBackward0>)","tensor([[1.0883e-12, 1.0194e-13, 1.4775e-12, 9.9997e-01, 6.5045e-15, 4.1941e-06,
         3.8269e-16, 3.7064e-21, 5.7534e-07, 2.1477e-05]], device='cuda:0',
       grad_fn=<SoftmaxBackward0>)","tensor([[5.6803e-01, 2.6644e-10, 2.1721e-08, 2.3846e-12, 5.1637e-09, 2.3168e-13,
         1.7279e-09, 2.0511e-15, 4.3197e-01, 5.1811e-07]], device='cuda:0',
       grad_fn=<SoftmaxBackward0>)","tensor([[6.9270e-02, 1.5786e-04, 2.6927e-07, 3.3865e-11, 9.2062e-01, 7.1265e-08,
         2.1183e-04, 3.0456e-07, 9.4678e-03, 2.7487e-04]], device='cuda:0',
       grad_fn=<SoftmaxBackward0>)","tensor([[1.0000e+00, 9.5374e-10, 6.9383e-08, 2.6021e-16, 5.4004e-11, 1.0051e-18,
         1.2145e-12, 3.4525e-12, 5.2495e-08, 1.1772e-09]], device='cuda:0',
       grad_fn=<SoftmaxBackward0>)","tensor([[9.9976e-01, 2.7696e-19, 2.2448e-12, 8.3355e-19, 4.0652e-18, 6.0523e-06,
         2.3228e-04, 1.8787e-16, 2.6969e-06, 1.8023e-10]], device='cuda:0',
       grad_fn=<SoftmaxBackward0>)","tensor([[9.9920e-01, 6.6950e-04, 2.2683e-07, 1.4610e-13, 9.9923e-05, 1.5803e-09,
         1.2625e-05, 1.4604e-05, 3.6961e-07, 1.1540e-07]], device='cuda:0',
       grad_fn=<SoftmaxBackward0>)","tensor([[9.9529e-01, 4.8061e-09, 9.0718e-07, 8.5268e-18, 4.7050e-03, 7.3552e-18,
         1.8066e-11, 2.4439e-06, 7.5687e-09, 9.5044e-07]], device='cuda:0',
       grad_fn=<SoftmaxBackward0>)"
"tensor([[1.0000e+00, 2.6193e-13, 3.5883e-10, 1.0340e-20, 4.0075e-11, 1.8791e-20,
         1.8380e-11, 2.0612e-16, 3.2684e-08, 7.5157e-11]], device='cuda:0',
       grad_fn=<SoftmaxBackward0>)","tensor([[1.5210e-04, 1.0548e-16, 2.1728e-07, 1.1869e-17, 1.7640e-18, 7.3516e-15,
         6.1773e-12, 2.6243e-16, 9.9985e-01, 2.4804e-14]], device='cuda:0',
       grad_fn=<SoftmaxBackward0>)","tensor([[5.8476e-04, 2.5274e-05, 4.0340e-07, 6.4064e-14, 9.9934e-01, 3.4370e-12,
         2.4370e-05, 3.7923e-08, 2.3878e-05, 3.5496e-07]], device='cuda:0',
       grad_fn=<SoftmaxBackward0>)","tensor([[6.7534e-01, 4.6597e-05, 5.9573e-09, 1.4435e-17, 3.2454e-01, 7.6870e-13,
         2.0684e-06, 4.8038e-07, 6.5277e-05, 5.6190e-07]], device='cuda:0',
       grad_fn=<SoftmaxBackward0>)","tensor([[8.1523e-01, 2.1569e-14, 2.6059e-08, 3.1182e-15, 4.0477e-15, 5.2208e-11,
         1.8477e-01, 5.2127e-21, 7.9870e-09, 4.4411e-10]], device='cuda:0',
       grad_fn=<SoftmaxBackward0>)","tensor([[9.9966e-01, 4.2508e-09, 1.5791e-09, 1.3140e-18, 7.5772e-08, 5.4254e-12,
         3.3417e-04, 3.4708e-12, 1.6647e-06, 9.4744e-10]], device='cuda:0',
       grad_fn=<SoftmaxBackward0>)","tensor([[4.2870e-06, 5.3814e-15, 2.8105e-09, 2.9894e-01, 1.8915e-20, 2.5331e-02,
         1.0405e-10, 1.6740e-19, 6.7572e-01, 2.4155e-08]], device='cuda:0',
       grad_fn=<SoftmaxBackward0>)","tensor([[9.9212e-01, 5.2820e-11, 4.7628e-07, 3.3747e-13, 2.9313e-12, 6.0636e-10,
         4.3433e-06, 1.6771e-13, 7.8724e-03, 1.7261e-10]], device='cuda:0',
       grad_fn=<SoftmaxBackward0>)"
"tensor([[1.6208e-07, 2.2498e-19, 9.8869e-17, 2.2411e-12, 1.2282e-19, 2.8660e-02,
         8.7331e-09, 3.9373e-25, 9.7134e-01, 1.4284e-11]], device='cuda:0',
       grad_fn=<SoftmaxBackward0>)","tensor([[5.1808e-08, 6.0289e-13, 6.4005e-13, 1.3410e-15, 1.4353e-11, 3.9085e-10,
         1.0000e+00, 1.0804e-22, 1.5776e-11, 4.1647e-13]], device='cuda:0',
       grad_fn=<SoftmaxBackward0>)","tensor([[9.9991e-01, 8.0438e-20, 8.4451e-05, 4.2211e-15, 1.4057e-22, 2.8509e-18,
         1.8802e-12, 1.4717e-17, 1.8081e-06, 1.7522e-14]], device='cuda:0',
       grad_fn=<SoftmaxBackward0>)","tensor([[9.9983e-01, 4.9676e-06, 1.2095e-09, 1.0099e-18, 1.6745e-04, 1.8069e-13,
         2.1216e-07, 1.1490e-07, 8.5065e-08, 4.0401e-08]], device='cuda:0',
       grad_fn=<SoftmaxBackward0>)","tensor([[9.9933e-01, 6.4981e-05, 6.1033e-08, 3.3212e-19, 5.9174e-04, 1.6426e-14,
         3.0899e-07, 1.4529e-07, 1.0062e-05, 4.8189e-08]], device='cuda:0',
       grad_fn=<SoftmaxBackward0>)","tensor([[9.9977e-01, 2.0194e-12, 3.7316e-09, 2.5552e-10, 1.6268e-14, 3.0942e-07,
         2.0983e-05, 1.3662e-15, 2.0485e-04, 1.2009e-08]], device='cuda:0',
       grad_fn=<SoftmaxBackward0>)","tensor([[9.9997e-01, 8.7181e-08, 5.3429e-09, 1.0515e-16, 8.0173e-07, 4.0224e-12,
         2.5102e-05, 3.9048e-10, 3.3878e-08, 5.1615e-09]], device='cuda:0',
       grad_fn=<SoftmaxBackward0>)","tensor([[6.4752e-01, 5.6572e-05, 4.2757e-08, 1.3018e-14, 3.4996e-01, 1.7791e-09,
         2.3138e-03, 1.0984e-07, 1.4760e-04, 6.5391e-06]], device='cuda:0',
       grad_fn=<SoftmaxBackward0>)"
"tensor([[2.6873e-09, 1.9310e-20, 5.3207e-14, 5.6145e-16, 4.6174e-23, 1.5672e-01,
         8.4317e-01, 6.8462e-27, 1.0966e-04, 3.5777e-11]], device='cuda:0',
       grad_fn=<SoftmaxBackward0>)","tensor([[1.2435e-07, 2.2655e-12, 7.7531e-17, 1.1183e-09, 9.3568e-02, 1.0396e-01,
         6.7671e-10, 1.8004e-14, 3.1159e-04, 8.0216e-01]], device='cuda:0',
       grad_fn=<SoftmaxBackward0>)","tensor([[9.9986e-01, 1.9683e-07, 2.9344e-11, 4.2777e-22, 1.3982e-04, 1.7234e-16,
         2.0812e-08, 2.2852e-10, 3.7017e-08, 1.3375e-09]], device='cuda:0',
       grad_fn=<SoftmaxBackward0>)","tensor([[9.9865e-01, 1.0956e-14, 7.2639e-13, 7.0850e-16, 2.6530e-14, 4.3264e-10,
         1.3536e-03, 8.6911e-20, 1.7932e-09, 1.7263e-10]], device='cuda:0',
       grad_fn=<SoftmaxBackward0>)","tensor([[9.9980e-01, 3.7920e-15, 2.5190e-10, 5.8072e-15, 4.3795e-21, 1.0369e-10,
         9.7620e-05, 3.7634e-23, 1.0189e-04, 1.0015e-10]], device='cuda:0',
       grad_fn=<SoftmaxBackward0>)","tensor([[1.0000e+00, 9.8264e-18, 3.2631e-10, 1.8851e-13, 3.1112e-24, 8.3760e-09,
         6.7457e-07, 6.1681e-19, 1.6018e-09, 4.9152e-13]], device='cuda:0',
       grad_fn=<SoftmaxBackward0>)","tensor([[3.2800e-13, 1.9624e-15, 1.5829e-17, 5.5930e-04, 1.5657e-12, 9.9908e-01,
         7.9391e-13, 3.0788e-22, 1.9834e-07, 3.6455e-04]], device='cuda:0',
       grad_fn=<SoftmaxBackward0>)","tensor([[1.0000e+00, 7.3765e-18, 1.7775e-15, 8.2964e-24, 3.3538e-13, 3.9879e-15,
         9.8160e-09, 1.5212e-20, 2.3767e-06, 3.1348e-13]], device='cuda:0',
       grad_fn=<SoftmaxBackward0>)"
"tensor([[9.9973e-01, 3.0638e-11, 7.0564e-09, 5.0537e-20, 3.0802e-06, 7.9174e-15,
         2.6892e-04, 1.5522e-14, 5.9341e-07, 1.6825e-09]], device='cuda:0',
       grad_fn=<SoftmaxBackward0>)","tensor([[1.8404e-06, 1.2474e-18, 7.1468e-20, 6.7105e-14, 1.1110e-15, 1.0000e+00,
         2.0553e-06, 2.8209e-22, 1.5087e-07, 6.1311e-10]], device='cuda:0',
       grad_fn=<SoftmaxBackward0>)","tensor([[1.2321e-05, 6.5022e-01, 4.5464e-08, 4.5160e-10, 3.4416e-01, 3.8569e-05,
         5.3600e-03, 9.3480e-06, 1.9184e-04, 3.8265e-06]], device='cuda:0',
       grad_fn=<SoftmaxBackward0>)","tensor([[9.9994e-01, 3.8424e-06, 1.0808e-05, 3.0355e-13, 9.9579e-13, 7.0225e-15,
         1.8543e-07, 1.0159e-14, 4.7080e-05, 2.2728e-10]], device='cuda:0',
       grad_fn=<SoftmaxBackward0>)","tensor([[4.4773e-01, 4.2639e-05, 1.0082e-10, 2.7922e-20, 5.5222e-01, 2.6752e-13,
         4.3580e-07, 1.7750e-06, 2.2827e-06, 1.2111e-07]], device='cuda:0',
       grad_fn=<SoftmaxBackward0>)","tensor([[9.9999e-01, 4.4051e-10, 1.0721e-12, 3.5119e-18, 1.0703e-05, 2.3335e-12,
         2.0060e-09, 2.7592e-09, 3.5985e-08, 4.0636e-07]], device='cuda:0',
       grad_fn=<SoftmaxBackward0>)","tensor([[1.0000e+00, 1.1334e-20, 2.8556e-13, 2.3704e-21, 6.6993e-20, 7.1091e-14,
         1.8616e-12, 1.2821e-15, 2.2997e-08, 3.7478e-13]], device='cuda:0',
       grad_fn=<SoftmaxBackward0>)","tensor([[9.9990e-01, 1.8668e-07, 6.6312e-06, 3.7369e-17, 3.6733e-07, 2.0737e-15,
         2.5033e-08, 2.1996e-09, 8.9482e-05, 7.8397e-10]], device='cuda:0',
       grad_fn=<SoftmaxBackward0>)"
"tensor([[2.4911e-01, 1.1777e-03, 1.1921e-06, 1.7332e-10, 7.1926e-01, 2.9232e-06,
         2.5907e-03, 4.4019e-06, 2.7373e-02, 4.8626e-04]], device='cuda:0',
       grad_fn=<SoftmaxBackward0>)","tensor([[8.6191e-01, 1.4200e-08, 1.4686e-09, 1.3614e-15, 1.6499e-05, 4.4434e-05,
         2.7793e-03, 8.0052e-09, 1.3525e-01, 1.6585e-08]], device='cuda:0',
       grad_fn=<SoftmaxBackward0>)","tensor([[8.1958e-01, 1.7541e-11, 5.3056e-13, 1.7028e-12, 7.7541e-06, 1.0692e-04,
         1.8030e-01, 3.7990e-15, 2.5425e-07, 2.8243e-06]], device='cuda:0',
       grad_fn=<SoftmaxBackward0>)","tensor([[9.1862e-01, 3.8154e-03, 3.0579e-07, 2.0492e-16, 5.9306e-03, 6.7883e-09,
         7.2896e-06, 7.1597e-02, 2.5415e-05, 1.6543e-07]], device='cuda:0',
       grad_fn=<SoftmaxBackward0>)","tensor([[9.9997e-01, 6.5720e-08, 4.9014e-11, 2.9426e-22, 3.0323e-05, 3.3569e-17,
         6.7718e-10, 1.5213e-09, 4.9561e-08, 2.2653e-09]], device='cuda:0',
       grad_fn=<SoftmaxBackward0>)","tensor([[9.6827e-01, 5.9803e-08, 5.5278e-06, 7.2533e-15, 3.6282e-06, 2.8983e-10,
         1.9020e-05, 3.7516e-09, 3.1703e-02, 3.2876e-07]], device='cuda:0',
       grad_fn=<SoftmaxBackward0>)","tensor([[3.6745e-05, 8.3818e-01, 2.6742e-08, 1.7803e-10, 1.6141e-01, 2.7049e-08,
         6.5650e-06, 3.6716e-04, 1.5006e-07, 1.4298e-06]], device='cuda:0',
       grad_fn=<SoftmaxBackward0>)","tensor([[2.5882e-10, 1.5748e-25, 8.5132e-17, 3.2200e-25, 1.3872e-23, 5.6996e-16,
         2.6115e-15, 2.2809e-27, 1.0000e+00, 1.7917e-17]], device='cuda:0',
       grad_fn=<SoftmaxBackward0>)"
"tensor([[1.0000e+00, 4.8552e-09, 6.4124e-09, 1.2331e-16, 1.4352e-08, 6.3820e-10,
         4.5469e-07, 1.6165e-06, 5.2157e-09, 2.7175e-10]], device='cuda:0',
       grad_fn=<SoftmaxBackward0>)","tensor([[9.9999e-01, 1.0447e-08, 5.5285e-12, 2.4980e-23, 1.0524e-05, 7.3862e-18,
         8.0369e-10, 6.8476e-12, 2.0710e-07, 2.0897e-10]], device='cuda:0',
       grad_fn=<SoftmaxBackward0>)","tensor([[1.3823e-05, 1.1597e-20, 1.5054e-11, 5.0923e-10, 4.8025e-23, 8.9762e-01,
         1.0237e-01, 1.0554e-25, 1.4885e-07, 9.2802e-09]], device='cuda:0',
       grad_fn=<SoftmaxBackward0>)","tensor([[9.9989e-01, 7.0983e-10, 9.0177e-10, 5.7969e-21, 1.0749e-04, 1.4968e-18,
         1.1264e-10, 1.0288e-08, 9.9544e-11, 6.2992e-09]], device='cuda:0',
       grad_fn=<SoftmaxBackward0>)","tensor([[1.0000e+00, 3.9395e-11, 2.1591e-11, 1.4577e-20, 1.1107e-10, 2.4473e-15,
         3.2430e-12, 2.6092e-08, 2.3938e-09, 1.3893e-10]], device='cuda:0',
       grad_fn=<SoftmaxBackward0>)","tensor([[9.9970e-01, 6.1693e-11, 3.1078e-08, 2.4897e-12, 8.8622e-14, 2.9419e-04,
         5.9926e-06, 7.8079e-07, 4.7724e-07, 3.6120e-08]], device='cuda:0',
       grad_fn=<SoftmaxBackward0>)","tensor([[9.9090e-01, 4.1913e-05, 7.0791e-08, 9.3392e-16, 3.6900e-06, 1.3519e-07,
         2.4806e-06, 9.0515e-03, 3.1773e-06, 2.6922e-09]], device='cuda:0',
       grad_fn=<SoftmaxBackward0>)","tensor([[9.7064e-01, 5.4990e-06, 1.7479e-07, 1.2050e-11, 3.5029e-03, 3.9775e-09,
         2.4688e-05, 3.0710e-09, 2.5797e-02, 2.8665e-05]], device='cuda:0',
       grad_fn=<SoftmaxBackward0>)"
"tensor([[5.8430e-06, 1.3284e-08, 2.0978e-04, 1.2518e-02, 1.0092e-06, 2.4460e-07,
         6.5547e-09, 1.1977e-13, 9.8726e-01, 2.3995e-06]], device='cuda:0',
       grad_fn=<SoftmaxBackward0>)","tensor([[1.0000e+00, 1.7251e-13, 2.6995e-10, 5.3302e-14, 1.1405e-13, 7.6988e-12,
         2.4409e-08, 3.6031e-14, 1.7973e-10, 8.6231e-11]], device='cuda:0',
       grad_fn=<SoftmaxBackward0>)","tensor([[9.9869e-01, 3.8478e-18, 9.4676e-13, 2.7960e-21, 2.2936e-16, 1.8286e-14,
         2.0852e-17, 1.1878e-10, 1.3057e-03, 2.4365e-12]], device='cuda:0',
       grad_fn=<SoftmaxBackward0>)","tensor([[1.5123e-03, 1.5849e-05, 1.5044e-12, 9.2852e-22, 9.9846e-01, 3.4687e-14,
         1.9349e-09, 1.5336e-05, 2.5238e-08, 3.8398e-08]], device='cuda:0',
       grad_fn=<SoftmaxBackward0>)","tensor([[9.9587e-01, 1.8518e-06, 1.4051e-07, 1.4486e-13, 3.5169e-03, 1.9796e-12,
         2.6396e-07, 4.4687e-09, 5.8641e-04, 2.2980e-05]], device='cuda:0',
       grad_fn=<SoftmaxBackward0>)","tensor([[1.0000e+00, 2.7980e-10, 3.3684e-08, 2.0008e-23, 5.2916e-11, 7.4524e-23,
         3.8091e-12, 8.9008e-13, 6.8870e-12, 4.5382e-13]], device='cuda:0',
       grad_fn=<SoftmaxBackward0>)","tensor([[9.9999e-01, 1.4811e-09, 2.5771e-08, 9.1178e-23, 1.1599e-05, 2.4758e-22,
         5.7778e-12, 4.6581e-10, 8.3692e-11, 4.6304e-10]], device='cuda:0',
       grad_fn=<SoftmaxBackward0>)","tensor([[2.0650e-02, 7.4997e-15, 1.1201e-16, 5.9569e-18, 1.6838e-08, 8.6511e-01,
         7.4696e-02, 1.1940e-16, 3.9540e-02, 4.5774e-09]], device='cuda:0',
       grad_fn=<SoftmaxBackward0>)"
"tensor([[1.0000e+00, 2.8749e-15, 6.7046e-09, 7.7028e-14, 7.5851e-18, 3.8257e-08,
         2.2575e-07, 3.6098e-13, 1.9338e-06, 2.0005e-11]], device='cuda:0',
       grad_fn=<SoftmaxBackward0>)","tensor([[9.9983e-01, 3.7144e-16, 6.1657e-07, 5.3855e-05, 1.3942e-17, 2.3129e-06,
         1.1212e-05, 1.2599e-21, 4.6637e-06, 9.8258e-05]], device='cuda:0',
       grad_fn=<SoftmaxBackward0>)","tensor([[6.1797e-12, 2.4106e-10, 9.1860e-15, 6.1871e-07, 7.3083e-12, 1.0000e+00,
         2.9732e-09, 3.6255e-14, 8.5322e-07, 1.9819e-07]], device='cuda:0',
       grad_fn=<SoftmaxBackward0>)","tensor([[1.0000e+00, 5.4240e-10, 2.6674e-09, 6.1115e-18, 7.1123e-09, 2.0139e-16,
         5.2022e-10, 1.5164e-11, 3.7659e-08, 3.5204e-08]], device='cuda:0',
       grad_fn=<SoftmaxBackward0>)","tensor([[1.0000e+00, 8.4004e-13, 6.7720e-09, 3.2687e-23, 8.5147e-11, 3.2377e-20,
         2.7380e-12, 2.5608e-10, 8.0509e-11, 1.1897e-11]], device='cuda:0',
       grad_fn=<SoftmaxBackward0>)","tensor([[1.0000e+00, 8.9245e-14, 7.9295e-12, 1.2403e-21, 3.8748e-13, 2.6698e-13,
         1.3877e-08, 2.5398e-14, 2.6807e-06, 3.1712e-13]], device='cuda:0',
       grad_fn=<SoftmaxBackward0>)","tensor([[9.9604e-01, 1.5391e-12, 2.0581e-09, 1.0338e-16, 8.7432e-15, 2.0660e-13,
         3.9629e-03, 1.9434e-21, 3.2883e-08, 1.2931e-08]], device='cuda:0',
       grad_fn=<SoftmaxBackward0>)","tensor([[1.0000e+00, 9.6521e-21, 4.5814e-08, 4.4777e-14, 4.0125e-22, 8.0372e-13,
         1.1547e-06, 1.2718e-22, 6.2525e-08, 2.7017e-09]], device='cuda:0',
       grad_fn=<SoftmaxBackward0>)"
"tensor([[1.0000e+00, 2.2703e-19, 1.0443e-13, 2.3361e-18, 3.9750e-17, 2.1013e-12,
         9.5541e-08, 5.6449e-18, 1.4801e-14, 8.5155e-13]], device='cuda:0',
       grad_fn=<SoftmaxBackward0>)","tensor([[9.9998e-01, 5.9052e-16, 4.4406e-13, 3.4125e-15, 5.5707e-14, 9.0934e-10,
         1.8036e-05, 1.5663e-17, 2.3284e-10, 7.2439e-10]], device='cuda:0',
       grad_fn=<SoftmaxBackward0>)","tensor([[9.9981e-01, 1.1909e-12, 2.9143e-14, 4.9012e-21, 1.9006e-04, 1.9188e-10,
         4.6440e-07, 1.9643e-10, 3.8263e-07, 5.1140e-07]], device='cuda:0',
       grad_fn=<SoftmaxBackward0>)","tensor([[6.0158e-01, 8.8381e-05, 5.0374e-08, 1.4519e-14, 3.9547e-01, 1.0670e-07,
         2.6126e-03, 1.3488e-05, 1.6890e-04, 6.7406e-05]], device='cuda:0',
       grad_fn=<SoftmaxBackward0>)","tensor([[5.5913e-10, 1.8748e-12, 4.9693e-15, 1.5030e-02, 1.4297e-15, 9.8497e-01,
         3.5849e-09, 4.6400e-21, 4.6223e-08, 2.1165e-07]], device='cuda:0',
       grad_fn=<SoftmaxBackward0>)","tensor([[9.9735e-01, 4.3556e-11, 1.1338e-04, 7.3103e-10, 1.6664e-13, 3.6708e-16,
         1.7484e-11, 1.1951e-14, 2.5346e-03, 3.3654e-08]], device='cuda:0',
       grad_fn=<SoftmaxBackward0>)","tensor([[9.6692e-01, 1.3444e-19, 7.3904e-05, 3.4120e-12, 3.7413e-24, 1.3877e-10,
         3.2276e-02, 2.1166e-26, 7.2835e-04, 6.5403e-10]], device='cuda:0',
       grad_fn=<SoftmaxBackward0>)","tensor([[9.9972e-01, 3.5379e-07, 9.7777e-07, 7.3158e-11, 1.5184e-06, 1.6217e-11,
         9.2696e-06, 4.7088e-13, 2.7042e-04, 4.9497e-07]], device='cuda:0',
       grad_fn=<SoftmaxBackward0>)"
"tensor([[1.0000e+00, 8.1203e-09, 1.8902e-12, 1.8059e-23, 1.9546e-07, 8.5348e-17,
         1.3164e-10, 3.0111e-10, 3.8444e-08, 5.2134e-11]], device='cuda:0',
       grad_fn=<SoftmaxBackward0>)","tensor([[4.1123e-09, 1.3616e-11, 1.4545e-13, 2.2380e-02, 3.5526e-12, 9.7758e-01,
         1.5709e-09, 3.7196e-18, 8.7524e-06, 2.8164e-05]], device='cuda:0',
       grad_fn=<SoftmaxBackward0>)","tensor([[9.9982e-01, 7.5139e-12, 1.0555e-04, 1.2412e-09, 6.7136e-14, 3.0285e-16,
         1.4549e-11, 3.9710e-15, 7.2144e-05, 3.0554e-08]], device='cuda:0',
       grad_fn=<SoftmaxBackward0>)","tensor([[2.9149e-01, 1.0835e-05, 1.5766e-10, 4.3304e-19, 7.0849e-01, 5.5232e-13,
         4.7477e-06, 4.2976e-08, 7.2828e-06, 1.1625e-07]], device='cuda:0',
       grad_fn=<SoftmaxBackward0>)","tensor([[9.9990e-01, 2.8718e-07, 2.7850e-11, 1.8673e-24, 9.9892e-05, 5.0846e-19,
         9.5249e-10, 1.1132e-10, 6.0044e-08, 9.8693e-10]], device='cuda:0',
       grad_fn=<SoftmaxBackward0>)","tensor([[1.0000e+00, 7.3522e-09, 1.2598e-10, 8.3686e-24, 3.6118e-08, 5.1058e-22,
         9.6622e-13, 2.4595e-11, 1.1450e-11, 1.3912e-11]], device='cuda:0',
       grad_fn=<SoftmaxBackward0>)","tensor([[9.9872e-01, 3.0908e-06, 3.1420e-07, 7.6534e-16, 3.0956e-04, 1.9030e-10,
         2.6695e-07, 9.5986e-04, 2.3400e-06, 1.0506e-07]], device='cuda:0',
       grad_fn=<SoftmaxBackward0>)","tensor([[1.0219e-06, 4.7501e-25, 1.9997e-17, 5.6155e-23, 4.9177e-16, 7.3378e-08,
         2.1307e-08, 3.7726e-26, 1.0000e+00, 1.4257e-10]], device='cuda:0',
       grad_fn=<SoftmaxBackward0>)"
"tensor([[9.9374e-01, 7.3099e-04, 6.5992e-05, 3.0557e-10, 6.7234e-04, 1.1008e-08,
         4.7851e-03, 1.4584e-06, 4.1028e-07, 3.5244e-06]], device='cuda:0',
       grad_fn=<SoftmaxBackward0>)","tensor([[9.7674e-01, 4.2038e-17, 1.3111e-13, 4.6799e-18, 1.0539e-10, 1.0097e-05,
         1.1882e-03, 1.7148e-18, 2.2059e-02, 8.5087e-09]], device='cuda:0',
       grad_fn=<SoftmaxBackward0>)","tensor([[3.9723e-06, 2.1563e-14, 4.1004e-12, 4.8551e-22, 1.0069e-10, 3.7756e-08,
         3.6160e-07, 5.4747e-13, 1.0000e+00, 2.9043e-13]], device='cuda:0',
       grad_fn=<SoftmaxBackward0>)","tensor([[3.0891e-01, 2.2068e-06, 5.2456e-09, 4.4704e-07, 1.0702e-05, 1.2445e-02,
         6.7752e-01, 7.3084e-12, 1.1030e-03, 1.2036e-05]], device='cuda:0',
       grad_fn=<SoftmaxBackward0>)","tensor([[9.9143e-01, 1.7140e-10, 8.0611e-08, 4.5700e-18, 2.2395e-07, 5.3540e-10,
         7.4478e-03, 1.9617e-12, 1.1259e-03, 2.4717e-08]], device='cuda:0',
       grad_fn=<SoftmaxBackward0>)","tensor([[6.6536e-02, 1.0216e-17, 2.3620e-09, 2.3053e-21, 9.8958e-13, 2.5139e-09,
         1.0150e-03, 8.7146e-18, 9.3245e-01, 5.0740e-08]], device='cuda:0',
       grad_fn=<SoftmaxBackward0>)","tensor([[1.5094e-01, 1.7517e-09, 3.4707e-05, 7.7409e-12, 7.8789e-10, 8.4241e-14,
         5.1342e-08, 2.9211e-15, 8.4903e-01, 5.4214e-07]], device='cuda:0',
       grad_fn=<SoftmaxBackward0>)"
"tensor([[8.3512e-09, 4.9423e-20, 1.3277e-13, 5.2535e-15, 7.0048e-18, 9.9891e-01,
         1.0453e-03, 1.0047e-21, 4.5290e-05, 6.0229e-08]], device='cuda:0',
       grad_fn=<SoftmaxBackward0>)","tensor([[9.9993e-01, 2.8255e-05, 1.2676e-06, 1.2042e-20, 3.7698e-05, 1.7942e-20,
         5.1720e-08, 1.9854e-11, 4.2267e-08, 2.8566e-11]], device='cuda:0',
       grad_fn=<SoftmaxBackward0>)","tensor([[1.3963e-04, 4.2306e-13, 1.1859e-12, 1.0869e-07, 9.5140e-19, 9.7529e-01,
         2.4569e-02, 3.4400e-20, 6.9094e-08, 1.9983e-08]], device='cuda:0',
       grad_fn=<SoftmaxBackward0>)","tensor([[1.0000e+00, 1.1469e-13, 1.5030e-10, 3.6217e-22, 1.6307e-11, 7.5422e-22,
         1.0437e-15, 2.0679e-12, 3.2509e-09, 3.6085e-10]], device='cuda:0',
       grad_fn=<SoftmaxBackward0>)","tensor([[9.9377e-01, 8.0154e-15, 4.3209e-08, 8.4466e-12, 3.6049e-17, 3.5904e-07,
         5.0287e-03, 1.0190e-19, 1.1983e-03, 7.2698e-10]], device='cuda:0',
       grad_fn=<SoftmaxBackward0>)","tensor([[9.9993e-01, 1.1106e-12, 1.1571e-08, 1.4705e-16, 8.0156e-12, 4.2951e-12,
         2.9244e-08, 5.4965e-12, 7.2324e-05, 8.6912e-10]], device='cuda:0',
       grad_fn=<SoftmaxBackward0>)","tensor([[3.2617e-03, 8.6951e-13, 9.0069e-07, 8.0800e-18, 1.4362e-07, 8.4916e-09,
         2.8957e-01, 2.7166e-16, 7.0716e-01, 1.9878e-07]], device='cuda:0',
       grad_fn=<SoftmaxBackward0>)","tensor([[1.0000e+00, 7.8167e-16, 3.3298e-10, 1.4373e-20, 9.9776e-14, 1.7342e-18,
         4.7441e-12, 5.1615e-14, 1.4836e-11, 9.7297e-13]], device='cuda:0',
       grad_fn=<SoftmaxBackward0>)"
"tensor([[2.7319e-02, 7.8654e-11, 1.3578e-04, 3.7794e-15, 2.2164e-11, 7.7189e-07,
         4.0532e-04, 4.8543e-09, 9.7214e-01, 1.7260e-09]], device='cuda:0',
       grad_fn=<SoftmaxBackward0>)","tensor([[4.2227e-12, 1.4107e-19, 8.1166e-21, 1.7471e-12, 2.8257e-20, 1.0000e+00,
         9.6127e-09, 2.2342e-22, 3.6030e-16, 1.5469e-09]], device='cuda:0',
       grad_fn=<SoftmaxBackward0>)","tensor([[2.1178e-07, 6.9053e-13, 7.3143e-10, 1.0578e-15, 7.8227e-13, 3.0223e-17,
         2.0871e-15, 2.3486e-16, 1.0000e+00, 1.4403e-11]], device='cuda:0',
       grad_fn=<SoftmaxBackward0>)","tensor([[2.6553e-09, 6.4947e-27, 5.2516e-21, 1.6024e-30, 3.2987e-26, 6.8993e-09,
         1.0000e+00, 3.8114e-34, 2.7421e-12, 7.1148e-18]], device='cuda:0',
       grad_fn=<SoftmaxBackward0>)","tensor([[1.8086e-02, 1.6361e-06, 8.2367e-09, 4.1776e-13, 2.2514e-07, 7.8777e-02,
         9.0313e-01, 1.2998e-06, 3.0285e-06, 7.3631e-07]], device='cuda:0',
       grad_fn=<SoftmaxBackward0>)","tensor([[1.2277e-02, 1.1794e-20, 3.5037e-17, 6.3624e-18, 8.0612e-17, 2.2202e-02,
         9.6552e-01, 1.7597e-21, 2.5166e-12, 2.7515e-09]], device='cuda:0',
       grad_fn=<SoftmaxBackward0>)","tensor([[9.6973e-01, 7.0412e-07, 3.0267e-02, 2.8560e-18, 4.0580e-08, 5.0675e-20,
         3.0962e-09, 5.8439e-08, 2.8915e-11, 4.3317e-11]], device='cuda:0',
       grad_fn=<SoftmaxBackward0>)","tensor([[1.5729e-01, 7.8435e-18, 4.2057e-12, 2.6722e-17, 9.2749e-13, 1.0127e-06,
         8.4271e-01, 7.1971e-21, 4.0559e-07, 1.2107e-08]], device='cuda:0',
       grad_fn=<SoftmaxBackward0>)"
"tensor([[9.1504e-10, 2.7540e-18, 3.3211e-07, 1.4795e-13, 1.4722e-24, 3.6156e-10,
         5.8213e-16, 8.8023e-13, 1.0000e+00, 2.7460e-18]], device='cuda:0',
       grad_fn=<SoftmaxBackward0>)","tensor([[3.3796e-03, 4.4828e-05, 2.9438e-09, 2.6772e-19, 1.2494e-05, 1.5178e-11,
         2.2336e-11, 9.9655e-01, 4.6150e-06, 4.7090e-06]], device='cuda:0',
       grad_fn=<SoftmaxBackward0>)","tensor([[9.9730e-01, 5.8819e-17, 1.0978e-10, 2.0113e-17, 3.3734e-21, 4.5325e-05,
         2.6537e-03, 1.4994e-14, 8.8774e-09, 7.6130e-11]], device='cuda:0',
       grad_fn=<SoftmaxBackward0>)","tensor([[9.9994e-01, 1.9380e-11, 7.2427e-09, 1.4975e-19, 2.7475e-10, 1.4496e-18,
         2.9169e-15, 5.5602e-05, 5.2875e-13, 1.3542e-06]], device='cuda:0',
       grad_fn=<SoftmaxBackward0>)","tensor([[5.7875e-01, 1.6324e-01, 1.0042e-01, 2.7080e-11, 5.8528e-02, 7.8941e-11,
         1.5941e-03, 9.7460e-02, 1.3927e-09, 5.8165e-06]], device='cuda:0',
       grad_fn=<SoftmaxBackward0>)","tensor([[3.3244e-06, 6.3228e-14, 1.1312e-07, 1.8149e-10, 6.5990e-19, 2.4787e-01,
         6.4974e-11, 2.1249e-06, 7.5213e-01, 9.9399e-11]], device='cuda:0',
       grad_fn=<SoftmaxBackward0>)","tensor([[1.2438e-04, 1.6550e-04, 2.0523e-13, 1.0297e-23, 9.9846e-01, 3.0696e-14,
         4.9883e-10, 1.2479e-03, 2.8121e-10, 2.6886e-09]], device='cuda:0',
       grad_fn=<SoftmaxBackward0>)","tensor([[9.9836e-01, 2.6329e-19, 4.0421e-13, 2.1248e-19, 5.9506e-12, 2.1971e-08,
         1.1091e-07, 2.2392e-16, 1.6371e-03, 1.3171e-07]], device='cuda:0',
       grad_fn=<SoftmaxBackward0>)"
"tensor([[4.2031e-03, 3.7598e-04, 8.0559e-11, 2.6307e-20, 9.9512e-01, 3.5757e-13,
         7.1002e-08, 2.9764e-04, 7.4376e-09, 1.9381e-08]], device='cuda:0',
       grad_fn=<SoftmaxBackward0>)","tensor([[7.8123e-08, 1.1021e-11, 6.6377e-13, 2.3991e-19, 1.4973e-16, 8.0158e-11,
         2.3163e-17, 1.0000e+00, 5.2544e-14, 8.7508e-12]], device='cuda:0',
       grad_fn=<SoftmaxBackward0>)","tensor([[1.1970e-10, 3.6565e-19, 3.3314e-18, 9.6954e-11, 3.5479e-22, 1.0000e+00,
         1.0665e-12, 3.2514e-21, 5.2507e-08, 2.8739e-08]], device='cuda:0',
       grad_fn=<SoftmaxBackward0>)","tensor([[9.9907e-01, 2.9658e-15, 4.6695e-07, 2.4952e-09, 8.6064e-19, 5.0233e-06,
         3.3067e-06, 1.3276e-14, 9.2021e-04, 7.5472e-11]], device='cuda:0',
       grad_fn=<SoftmaxBackward0>)","tensor([[1.0000e+00, 4.6968e-16, 3.5378e-14, 1.4375e-17, 3.0369e-08, 2.1428e-06,
         2.3982e-08, 2.3555e-09, 1.7202e-08, 3.6458e-07]], device='cuda:0',
       grad_fn=<SoftmaxBackward0>)","tensor([[2.1844e-01, 3.6834e-01, 2.3391e-05, 4.3791e-07, 8.0656e-06, 2.1909e-02,
         3.8907e-01, 1.7072e-04, 5.9226e-06, 2.0342e-03]], device='cuda:0',
       grad_fn=<SoftmaxBackward0>)","tensor([[2.0388e-03, 2.6883e-04, 4.4433e-11, 3.8325e-19, 9.9765e-01, 1.1208e-12,
         1.3637e-07, 4.0999e-05, 2.6215e-08, 2.5641e-08]], device='cuda:0',
       grad_fn=<SoftmaxBackward0>)","tensor([[3.4513e-06, 1.8564e-20, 1.1596e-08, 3.0926e-19, 1.0906e-20, 4.4377e-09,
         7.5434e-09, 7.7313e-18, 1.0000e+00, 6.3064e-10]], device='cuda:0',
       grad_fn=<SoftmaxBackward0>)"
"tensor([[8.8798e-07, 8.2850e-17, 3.8835e-07, 5.0423e-06, 4.3241e-24, 5.1832e-08,
         1.8151e-11, 5.7854e-21, 9.9999e-01, 2.3870e-14]], device='cuda:0',
       grad_fn=<SoftmaxBackward0>)","tensor([[1.5987e-05, 7.2506e-01, 2.2952e-06, 1.0961e-11, 1.6519e-01, 1.3911e-10,
         1.8650e-08, 1.0971e-01, 1.0884e-07, 1.7928e-05]], device='cuda:0',
       grad_fn=<SoftmaxBackward0>)","tensor([[1.1460e-02, 1.1740e-03, 2.3839e-11, 5.7478e-21, 9.8699e-01, 8.7627e-13,
         1.9803e-07, 3.7169e-04, 3.7825e-09, 6.9950e-09]], device='cuda:0',
       grad_fn=<SoftmaxBackward0>)","tensor([[4.1552e-08, 3.9027e-14, 9.1397e-13, 1.5772e-01, 1.6767e-22, 8.4227e-01,
         1.6993e-07, 1.7913e-24, 1.5190e-05, 2.5913e-10]], device='cuda:0',
       grad_fn=<SoftmaxBackward0>)","tensor([[2.7626e-04, 2.4841e-10, 4.3275e-11, 2.1570e-21, 2.4052e-12, 2.2632e-15,
         1.0192e-16, 9.9972e-01, 1.2068e-13, 1.1041e-09]], device='cuda:0',
       grad_fn=<SoftmaxBackward0>)","tensor([[9.9999e-01, 1.8672e-10, 7.1387e-06, 2.4790e-23, 8.4028e-08, 9.9106e-21,
         3.1595e-10, 3.2193e-07, 5.3539e-14, 7.1216e-10]], device='cuda:0',
       grad_fn=<SoftmaxBackward0>)","tensor([[2.9488e-18, 1.3694e-24, 1.8283e-11, 7.8183e-10, 1.7957e-27, 1.2721e-10,
         6.2315e-26, 5.8599e-18, 1.0000e+00, 3.5429e-15]], device='cuda:0',
       grad_fn=<SoftmaxBackward0>)","tensor([[1.2298e-07, 5.7258e-09, 1.6229e-10, 6.7561e-19, 6.8061e-11, 1.5231e-14,
         7.0837e-17, 1.0000e+00, 2.9166e-13, 1.1686e-09]], device='cuda:0',
       grad_fn=<SoftmaxBackward0>)"
"tensor([[2.2539e-08, 8.2918e-26, 4.6405e-16, 6.6257e-21, 5.2852e-27, 5.8475e-08,
         1.0000e+00, 1.6115e-32, 8.1519e-14, 1.4959e-14]], device='cuda:0',
       grad_fn=<SoftmaxBackward0>)","tensor([[4.4441e-10, 9.0630e-07, 2.3013e-11, 1.1264e-13, 1.4812e-12, 5.9093e-05,
         2.7963e-13, 9.9994e-01, 3.9468e-10, 3.1663e-09]], device='cuda:0',
       grad_fn=<SoftmaxBackward0>)","tensor([[6.7590e-01, 2.2808e-11, 5.0377e-02, 5.3255e-09, 8.2557e-10, 6.9087e-10,
         2.7317e-01, 1.0608e-16, 4.2278e-04, 1.3484e-04]], device='cuda:0',
       grad_fn=<SoftmaxBackward0>)","tensor([[1.8521e-17, 4.4524e-23, 6.7088e-23, 4.3792e-10, 8.4443e-23, 1.0000e+00,
         2.0716e-17, 4.8053e-21, 8.9782e-17, 4.8491e-08]], device='cuda:0',
       grad_fn=<SoftmaxBackward0>)","tensor([[9.8802e-01, 1.0990e-19, 1.9154e-13, 2.6322e-23, 1.5165e-17, 2.3764e-11,
         1.1975e-02, 1.6285e-21, 1.0876e-09, 2.8778e-12]], device='cuda:0',
       grad_fn=<SoftmaxBackward0>)","tensor([[1.9407e-09, 9.8424e-24, 2.5713e-20, 2.2891e-23, 1.6953e-21, 8.1889e-05,
         9.9992e-01, 1.7667e-28, 1.7752e-12, 6.1285e-15]], device='cuda:0',
       grad_fn=<SoftmaxBackward0>)","tensor([[1.8929e-01, 1.2407e-18, 1.5063e-12, 4.2430e-20, 3.6980e-10, 3.9061e-06,
         6.0424e-08, 3.3122e-13, 8.1071e-01, 8.8833e-07]], device='cuda:0',
       grad_fn=<SoftmaxBackward0>)","tensor([[8.7545e-01, 1.0240e-03, 1.1998e-01, 1.9504e-14, 7.8356e-08, 5.2741e-13,
         2.3511e-07, 3.5319e-03, 1.6763e-05, 1.4308e-08]], device='cuda:0',
       grad_fn=<SoftmaxBackward0>)"
"tensor([[5.0099e-04, 4.5160e-03, 7.3096e-08, 2.7292e-08, 1.2491e-03, 1.7741e-01,
         1.7591e-04, 8.1592e-01, 2.4168e-07, 2.2586e-04]], device='cuda:0',
       grad_fn=<SoftmaxBackward0>)","tensor([[7.5695e-05, 1.9083e-06, 2.9402e-01, 1.1752e-12, 1.7922e-09, 1.4368e-09,
         8.4787e-04, 7.9911e-08, 7.0505e-01, 1.0491e-09]], device='cuda:0',
       grad_fn=<SoftmaxBackward0>)","tensor([[2.9535e-04, 2.7123e-04, 8.0923e-12, 2.6935e-20, 9.9940e-01, 6.5520e-13,
         1.3952e-07, 3.7888e-05, 1.2960e-09, 1.9585e-09]], device='cuda:0',
       grad_fn=<SoftmaxBackward0>)","tensor([[9.2570e-03, 1.8179e-02, 8.4632e-01, 1.8458e-11, 1.0640e-01, 5.6112e-12,
         5.9699e-03, 1.3870e-02, 1.0913e-09, 2.7617e-07]], device='cuda:0',
       grad_fn=<SoftmaxBackward0>)","tensor([[9.9998e-01, 3.1174e-08, 5.0858e-06, 1.0359e-19, 4.3725e-07, 1.5305e-18,
         6.9953e-13, 1.5398e-05, 1.9306e-06, 1.3543e-07]], device='cuda:0',
       grad_fn=<SoftmaxBackward0>)","tensor([[3.7263e-03, 1.1907e-08, 8.7664e-01, 2.9850e-18, 1.7805e-11, 5.3715e-18,
         1.9344e-11, 1.1963e-01, 7.6743e-13, 1.9677e-10]], device='cuda:0',
       grad_fn=<SoftmaxBackward0>)","tensor([[2.0619e-03, 3.3840e-01, 2.4202e-07, 1.1538e-10, 7.4966e-02, 1.7020e-06,
         3.4663e-06, 5.8451e-01, 1.4637e-07, 5.6912e-05]], device='cuda:0',
       grad_fn=<SoftmaxBackward0>)","tensor([[4.2280e-03, 6.3175e-21, 4.3512e-15, 9.4208e-24, 1.3127e-13, 2.5328e-09,
         1.0209e-12, 1.8977e-14, 9.9577e-01, 2.0007e-09]], device='cuda:0',
       grad_fn=<SoftmaxBackward0>)"
"tensor([[2.0734e-12, 6.9449e-14, 1.7833e-17, 8.5401e-07, 1.1951e-09, 9.9995e-01,
         1.3741e-11, 6.8228e-14, 3.1118e-12, 4.7235e-05]], device='cuda:0',
       grad_fn=<SoftmaxBackward0>)","tensor([[9.9917e-01, 1.4450e-10, 7.8846e-04, 4.8954e-20, 5.2231e-10, 8.8211e-20,
         3.8413e-12, 4.1954e-05, 1.9152e-12, 4.2841e-09]], device='cuda:0',
       grad_fn=<SoftmaxBackward0>)","tensor([[2.3177e-08, 2.2396e-05, 9.9997e-01, 3.0168e-06, 1.2473e-07, 1.8649e-15,
         5.6537e-10, 4.6354e-10, 2.3696e-08, 1.3615e-09]], device='cuda:0',
       grad_fn=<SoftmaxBackward0>)","tensor([[8.7886e-01, 3.4519e-05, 3.3079e-06, 2.8298e-14, 2.9218e-07, 6.4239e-04,
         9.8804e-03, 1.1058e-01, 5.3787e-07, 8.4654e-07]], device='cuda:0',
       grad_fn=<SoftmaxBackward0>)","tensor([[3.4397e-02, 6.9696e-04, 2.4159e-11, 6.1344e-21, 9.6358e-01, 5.2983e-12,
         3.8187e-07, 1.3273e-03, 5.8260e-09, 3.4538e-08]], device='cuda:0',
       grad_fn=<SoftmaxBackward0>)","tensor([[9.8325e-01, 1.5265e-08, 6.6558e-07, 1.3523e-15, 6.3775e-07, 1.5674e-06,
         1.3547e-02, 9.1694e-09, 2.0579e-03, 1.1466e-03]], device='cuda:0',
       grad_fn=<SoftmaxBackward0>)","tensor([[1.3423e-05, 8.2084e-15, 3.7880e-09, 2.7443e-25, 4.9685e-19, 3.2620e-22,
         2.1369e-22, 9.9999e-01, 2.8865e-17, 2.8008e-12]], device='cuda:0',
       grad_fn=<SoftmaxBackward0>)","tensor([[4.2993e-02, 7.5712e-01, 1.3919e-01, 1.3130e-07, 3.0351e-02, 2.3172e-09,
         2.7046e-06, 1.2479e-02, 6.7378e-04, 1.7190e-02]], device='cuda:0',
       grad_fn=<SoftmaxBackward0>)"
"tensor([[3.4285e-03, 2.0846e-04, 8.5397e-12, 4.8143e-21, 7.7216e-01, 4.9627e-12,
         5.4840e-10, 2.2420e-01, 6.1807e-09, 1.5872e-07]], device='cuda:0',
       grad_fn=<SoftmaxBackward0>)","tensor([[9.7869e-01, 2.0084e-11, 9.1690e-06, 1.8415e-19, 4.8115e-13, 1.7719e-17,
         2.5260e-14, 2.1300e-02, 2.4606e-15, 1.3451e-08]], device='cuda:0',
       grad_fn=<SoftmaxBackward0>)","tensor([[2.0558e-03, 2.0141e-03, 2.1074e-08, 1.8076e-18, 1.0164e-03, 4.2346e-11,
         2.6150e-08, 9.9491e-01, 1.7853e-10, 2.6711e-08]], device='cuda:0',
       grad_fn=<SoftmaxBackward0>)","tensor([[2.3318e-08, 3.4767e-12, 1.1144e-13, 2.8192e-20, 1.0636e-14, 1.5457e-12,
         4.0252e-18, 1.0000e+00, 5.7017e-17, 2.4563e-12]], device='cuda:0',
       grad_fn=<SoftmaxBackward0>)","tensor([[1.5097e-02, 5.0660e-16, 1.0951e-11, 2.8945e-10, 6.1655e-21, 9.3512e-03,
         9.7555e-01, 1.5118e-22, 2.4284e-08, 2.8634e-09]], device='cuda:0',
       grad_fn=<SoftmaxBackward0>)","tensor([[2.1872e-03, 8.0597e-04, 1.7149e-07, 7.5005e-14, 2.4586e-06, 8.0262e-06,
         5.9295e-06, 9.9699e-01, 6.0308e-09, 1.1985e-07]], device='cuda:0',
       grad_fn=<SoftmaxBackward0>)","tensor([[3.3238e-18, 1.4989e-10, 1.5116e-17, 9.9929e-01, 1.7670e-16, 7.1272e-04,
         8.2881e-16, 3.0642e-20, 1.3932e-11, 1.8071e-10]], device='cuda:0',
       grad_fn=<SoftmaxBackward0>)"
"tensor([[2.4333e-03, 4.7875e-04, 2.9004e-11, 1.4518e-20, 9.9599e-01, 5.0953e-13,
         1.5950e-08, 1.0957e-03, 8.0873e-09, 2.1133e-08]], device='cuda:0',
       grad_fn=<SoftmaxBackward0>)","tensor([[6.9785e-08, 6.1369e-14, 1.8714e-15, 3.7172e-15, 2.4163e-09, 9.9534e-01,
         5.6862e-07, 9.3786e-16, 4.1297e-03, 5.3218e-04]], device='cuda:0',
       grad_fn=<SoftmaxBackward0>)","tensor([[1.5048e-02, 6.1471e-04, 7.1019e-07, 2.0797e-15, 1.3819e-09, 3.8004e-07,
         1.1020e-07, 9.8434e-01, 3.0385e-08, 1.2865e-07]], device='cuda:0',
       grad_fn=<SoftmaxBackward0>)","tensor([[1.4742e-14, 8.3966e-25, 4.0384e-13, 4.2289e-19, 9.6384e-26, 5.6820e-10,
         1.3618e-21, 1.1471e-15, 1.0000e+00, 1.3593e-12]], device='cuda:0',
       grad_fn=<SoftmaxBackward0>)","tensor([[7.5724e-01, 2.4773e-14, 5.3537e-12, 6.9260e-15, 2.1149e-05, 1.9259e-01,
         4.2053e-02, 3.6494e-12, 1.4842e-04, 7.9438e-03]], device='cuda:0',
       grad_fn=<SoftmaxBackward0>)","tensor([[9.1316e-01, 2.3051e-04, 9.4745e-07, 3.4302e-16, 1.4784e-04, 1.4264e-11,
         2.3389e-08, 8.6460e-02, 1.2535e-09, 2.5959e-07]], device='cuda:0',
       grad_fn=<SoftmaxBackward0>)","tensor([[9.9951e-01, 4.3536e-13, 1.5550e-08, 1.8121e-17, 1.2164e-12, 1.1461e-16,
         3.0351e-16, 4.8520e-04, 6.6082e-11, 3.2226e-06]], device='cuda:0',
       grad_fn=<SoftmaxBackward0>)"
"tensor([[1.4928e-06, 2.6132e-04, 3.8560e-09, 3.4933e-11, 3.7108e-04, 6.6576e-07,
         1.6328e-10, 9.9932e-01, 3.0059e-08, 4.4552e-05]], device='cuda:0',
       grad_fn=<SoftmaxBackward0>)","tensor([[1.1174e-09, 1.5132e-10, 1.8380e-07, 1.7768e-03, 7.1055e-10, 8.9744e-13,
         4.2402e-20, 1.4387e-07, 2.7372e-05, 9.9820e-01]], device='cuda:0',
       grad_fn=<SoftmaxBackward0>)","tensor([[8.3937e-02, 2.8120e-02, 1.1012e-04, 1.8273e-08, 4.2445e-01, 6.6378e-06,
         1.0992e-04, 9.0155e-03, 1.6569e-04, 4.5408e-01]], device='cuda:0',
       grad_fn=<SoftmaxBackward0>)","tensor([[8.7873e-07, 9.8873e-01, 4.9620e-05, 2.0276e-07, 3.4607e-05, 3.3855e-05,
         1.0988e-02, 1.6264e-04, 1.1465e-07, 5.9090e-07]], device='cuda:0',
       grad_fn=<SoftmaxBackward0>)","tensor([[2.2384e-04, 1.0575e-04, 2.7190e-13, 4.9967e-23, 9.9563e-01, 1.3008e-13,
         3.5591e-10, 4.0440e-03, 4.8745e-10, 7.8690e-09]], device='cuda:0',
       grad_fn=<SoftmaxBackward0>)","tensor([[1.6223e-13, 6.3252e-11, 2.2361e-11, 1.0000e+00, 6.4225e-20, 7.6677e-07,
         2.5964e-13, 8.2261e-22, 3.4560e-07, 3.1585e-13]], device='cuda:0',
       grad_fn=<SoftmaxBackward0>)"
"tensor([[6.2609e-04, 2.6904e-04, 8.9703e-12, 4.3633e-21, 9.9514e-01, 7.9708e-14,
         1.2506e-10, 3.9684e-03, 1.2148e-08, 7.3258e-08]], device='cuda:0',
       grad_fn=<SoftmaxBackward0>)","tensor([[1.1038e-09, 8.3510e-17, 2.5074e-10, 1.7208e-06, 3.6374e-12, 8.4658e-09,
         9.3831e-19, 1.1287e-08, 3.1903e-06, 9.9999e-01]], device='cuda:0',
       grad_fn=<SoftmaxBackward0>)","tensor([[7.9427e-01, 1.3498e-01, 8.8258e-04, 1.8893e-06, 3.4071e-05, 1.6128e-05,
         6.2825e-02, 5.4116e-07, 6.9773e-03, 9.5113e-06]], device='cuda:0',
       grad_fn=<SoftmaxBackward0>)","tensor([[3.1663e-10, 1.0967e-22, 1.4863e-19, 1.6902e-07, 2.6866e-26, 1.0000e+00,
         1.4406e-16, 1.1749e-21, 1.4312e-11, 3.3111e-09]], device='cuda:0',
       grad_fn=<SoftmaxBackward0>)","tensor([[5.2425e-11, 3.3610e-07, 4.9684e-07, 4.2605e-05, 3.9683e-08, 2.9963e-12,
         1.0293e-18, 3.5753e-03, 2.8576e-07, 9.9638e-01]], device='cuda:0',
       grad_fn=<SoftmaxBackward0>)","tensor([[2.6339e-04, 1.9233e-06, 8.4724e-01, 2.4778e-06, 3.4114e-16, 1.8311e-07,
         3.3849e-11, 1.5236e-01, 1.3620e-04, 2.1732e-10]], device='cuda:0',
       grad_fn=<SoftmaxBackward0>)","tensor([[1.0000e+00, 2.2834e-13, 3.2377e-11, 6.2487e-25, 4.8157e-11, 2.6562e-23,
         2.9116e-16, 3.5820e-09, 9.0718e-17, 4.5931e-10]], device='cuda:0',
       grad_fn=<SoftmaxBackward0>)","tensor([[9.9884e-01, 1.4715e-08, 6.2181e-10, 7.2331e-23, 2.9178e-04, 1.1968e-19,
         1.9454e-15, 8.6368e-04, 5.9209e-10, 3.1030e-07]], device='cuda:0',
       grad_fn=<SoftmaxBackward0>)"
"tensor([[9.9901e-01, 3.2601e-16, 1.1744e-13, 4.2500e-23, 2.5178e-09, 5.3255e-09,
         3.8975e-10, 3.9041e-09, 9.8819e-04, 2.8165e-07]], device='cuda:0',
       grad_fn=<SoftmaxBackward0>)","tensor([[9.9867e-01, 1.2437e-07, 3.2144e-06, 5.4057e-17, 1.4961e-05, 1.8974e-14,
         2.8609e-08, 1.3145e-03, 3.4355e-14, 2.0324e-07]], device='cuda:0',
       grad_fn=<SoftmaxBackward0>)","tensor([[2.2585e-03, 8.7954e-20, 2.4430e-04, 2.9204e-17, 5.6715e-20, 2.6655e-12,
         5.3371e-08, 6.7318e-17, 9.9750e-01, 1.2650e-12]], device='cuda:0',
       grad_fn=<SoftmaxBackward0>)","tensor([[1.7244e-03, 4.8898e-11, 2.6641e-09, 3.9603e-09, 6.9391e-14, 9.9823e-01,
         1.5771e-06, 5.8909e-08, 4.4467e-05, 4.4892e-07]], device='cuda:0',
       grad_fn=<SoftmaxBackward0>)","tensor([[2.2225e-01, 2.2927e-03, 3.9911e-10, 1.9138e-19, 7.7362e-01, 3.6223e-11,
         4.0314e-06, 1.8316e-03, 4.9075e-08, 6.5646e-08]], device='cuda:0',
       grad_fn=<SoftmaxBackward0>)","tensor([[9.9810e-01, 8.9636e-06, 1.7228e-07, 1.5463e-15, 1.4932e-06, 9.3058e-07,
         9.0529e-04, 9.8386e-04, 7.9084e-08, 2.8657e-07]], device='cuda:0',
       grad_fn=<SoftmaxBackward0>)","tensor([[1.4444e-05, 1.0018e-13, 1.0702e-10, 5.3331e-20, 2.0428e-07, 8.0239e-06,
         2.0742e-07, 5.9472e-11, 9.9961e-01, 3.6270e-04]], device='cuda:0',
       grad_fn=<SoftmaxBackward0>)"
"tensor([[8.8005e-08, 2.1724e-13, 2.9256e-08, 1.4608e-08, 5.1381e-17, 7.2331e-09,
         7.6651e-11, 9.3383e-18, 1.0000e+00, 4.7803e-13]], device='cuda:0',
       grad_fn=<SoftmaxBackward0>)"
